{
  "version": "7",
  "dialect": "mysql",
  "entries": [
    {
      "idx": 0,
      "version": "5",
      "when": 1768398870848,
      "tag": "0000_chief_lake",
      "breakpoints": true
    },
    {
      "idx": 1,
      "version": "5",
      "when": 1768401208898,
      "tag": "0001_tranquil_whizzer",
      "breakpoints": true
    },
    {
      "idx": 2,
      "version": "5",
      "when": 1768430247535,
      "tag": "0002_dapper_dragon_man",
      "breakpoints": true
    },
    {
      "idx": 3,
      "version": "5",
      "when": 1768474776435,
      "tag": "0003_goofy_omega_flight",
      "breakpoints": true
    }
  ]
}